cutter (1.2.6-1) unstable; urgency=low

  * New upstream release.

 -- Kentaro Hayashi <hayashi@clear-code.com>  Wed, 20 Sep 2017 00:00:00 +0900

cutter (1.2.5-1) unstable; urgency=low

  * New upstream release.

 -- HAYASHI Kentaro <hayashi@clear-code.com>  Wed, 29 Jul 2015 00:00:00 +0900

cutter (1.2.4-1) unstable; urgency=low

  * New upstream release.

 -- HAYASHI Kentaro <kenhys@gmail.com>  Thu, 29 May 2014 00:00:00 +0900

cutter (1.2.3-1) unstable; urgency=low

  * New upstream release.

 -- HAYASHI Kentaro <hayashi@clear-code.com>  Sun, 09 Feb 2014 00:00:00 +0900

cutter (1.2.2-1) unstable; urgency=low

  * New upstream release.

 -- HAYASHI Kentaro <hayashi@clear-code.com>  Mon, 29 Oct 2012 00:00:00 +0900

cutter (1.2.1-1) unstable; urgency=low

  * New upstream release.

 -- HAYASHI Kentaro <hayashi@clear-code.com>  Wed, 15 Aug 2012 00:00:00 +0900

cutter (1.2.0-1) unstable; urgency=low

  * New upstream release.

 -- Kouhei Sutou <kou@clear-code.com>  Sat, 31 Dec 2011 00:00:00 +0900

cutter (1.1.9-1) unstable; urgency=low

  * New upstream release.

 -- Kouhei Sutou <kou@clear-code.com>  Sat, 22 Oct 2011 00:00:00 +0900

cutter (1.1.8-1) unstable; urgency=low

  * New upstream release.

 -- Kouhei Sutou <kou@clear-code.com>  Sun, 31 Jul 2011 00:00:00 +0900

cutter (1.1.7-1) unstable; urgency=low

  * New upstream release.

 -- Kouhei Sutou <kou@clear-code.com>  Sun, 13 Feb 2011 00:00:00 +0900

cutter (1.1.6-1) unstable; urgency=low

  * New upstream release.

 -- Kouhei Sutou <kou@clear-code.com>  Wed, 09 Feb 2011 00:00:00 +0900

cutter (1.1.5-1) unstable; urgency=low

  * New upstream release.

 -- Kouhei Sutou <kou@clear-code.com>  Mon, 06 Sep 2010 13:05:06 +0900

cutter (1.1.4-1) unstable; urgency=low

  * New upstream release.

 -- Kouhei Sutou <kou@clear-code.com>  Thu, 10 Jun 2010 12:34:00 +0900

cutter (1.1.3-1) unstable; urgency=low

  * New upstream release.

 -- Kouhei Sutou <kou@clear-code.com>  Tue, 13 Apr 2010 00:00:00 +0900

cutter (1.1.2-1) unstable; urgency=low

  * New upstream release.

 -- Kouhei Sutou <kou@clear-code.com>  Sat, 03 Apr 2010 00:00:00 +0900

cutter (1.1.1-1) unstable; urgency=low

  * New upstream release.

 -- Kouhei Sutou <kou@clear-code.com>  Tue, 09 Mar 2010 21:26:11 +0900

cutter (1.1.0-1) unstable; urgency=low

  * New upstream release.

 -- Kouhei Sutou <kou@clear-code.com>  Thu, 03 Nov 2009 19:40:37 +0900

cutter (1.0.9-1) unstable; urgency=low

  * New upstream release.

 -- Kouhei Sutou <kou@clear-code.com>  Mon, 20 Oct 2009 16:10:37 +0900

cutter (1.0.8-1) unstable; urgency=low

  * New upstream release.

 -- Yuto Hayamizu <y.hayamizu@gmail.com>  Mon, 24 Aug 2009 11:59:35 +0900

cutter (1.0.7-1) unstable; urgency=low

  * New upstream release.

 -- Kouhei Sutou <kou@clear-code.com>  Wed, 20 May 2009 12:10:37 +0900

cutter (1.0.6-1) unstable; urgency=low

  * Initial release

 -- Kouhei Sutou <kou@cozmixng.org>  Thu, 05 Mar 2009 14:58:20 +0000
